{
  "similarities": [
    0.86865234375,
    0.904296875,
    0.88818359375,
    0.80419921875,
    0.91357421875,
    0.96240234375,
    0.91259765625,
    0.94970703125,
    0.9365234375,
    0.8798828125,
    0.91455078125,
    0.86376953125,
    0.8720703125,
    0.95947265625,
    0.91357421875,
    0.93798828125,
    0.923828125,
    0.90087890625,
    0.8740234375,
    0.8916015625,
    0.93408203125,
    0.9296875,
    0.89208984375,
    0.9287109375,
    0.90234375,
    0.8466796875,
    0.890625,
    0.9248046875,
    0.85302734375,
    0.84326171875,
    0.947265625,
    0.95654296875,
    0.87548828125,
    0.84130859375,
    0.89453125,
    0.90283203125,
    0.7841796875,
    0.9384765625,
    0.90478515625,
    0.9404296875,
    0.857421875,
    0.93017578125,
    0.93896484375,
    0.93310546875,
    0.92822265625,
    0.89306640625,
    0.9130859375,
    0.90966796875,
    0.9248046875,
    0.916015625,
    0.935546875,
    0.9423828125,
    0.9248046875,
    0.908203125,
    0.8505859375,
    0.9560546875,
    0.9384765625,
    0.86669921875,
    0.91357421875,
    0.94775390625,
    0.9208984375,
    0.935546875,
    0.89697265625,
    0.77197265625,
    0.8994140625,
    0.900390625,
    0.95556640625,
    0.8564453125,
    0.85400390625,
    0.916015625,
    0.94775390625,
    0.97412109375,
    0.8935546875,
    0.8916015625,
    0.9267578125,
    0.92529296875,
    0.91064453125,
    0.89501953125,
    0.88525390625,
    0.93505859375,
    0.923828125,
    0.88623046875,
    0.97998046875,
    0.83203125,
    0.90771484375,
    0.84423828125,
    0.79150390625,
    0.9150390625,
    0.86962890625,
    0.8779296875,
    0.97314453125,
    0.84423828125,
    0.94482421875,
    0.919921875,
    0.8818359375,
    0.89404296875,
    0.94677734375,
    0.935546875,
    0.94580078125,
    0.86767578125
  ],
  "mean_similarity": 0.9040576171875,
  "std_similarity": 0.04099198857399664
}