{
  "similarities": [
    0.8662109375,
    0.90673828125,
    0.83740234375,
    0.8525390625,
    0.8974609375,
    0.89794921875,
    0.88525390625,
    0.92822265625,
    0.83935546875,
    0.88720703125,
    0.92919921875,
    0.90087890625,
    0.869140625,
    0.93798828125,
    0.916015625,
    0.84814453125,
    0.89208984375,
    0.92236328125,
    0.8857421875,
    0.90771484375,
    0.931640625,
    0.89111328125,
    0.9111328125,
    0.912109375,
    0.87451171875,
    0.89697265625,
    0.85595703125,
    0.91064453125,
    0.86376953125,
    0.81298828125,
    0.94384765625,
    0.90283203125,
    0.89453125,
    0.83984375,
    0.8798828125,
    0.900390625,
    0.82177734375,
    0.91943359375,
    0.921875,
    0.900390625,
    0.8486328125,
    0.85595703125,
    0.8828125,
    0.9013671875,
    0.9130859375,
    0.91552734375,
    0.91650390625,
    0.87109375,
    0.91796875,
    0.9052734375,
    0.9423828125,
    0.92626953125,
    0.90966796875,
    0.8759765625,
    0.90673828125,
    0.94091796875,
    0.92431640625,
    0.90966796875,
    0.8994140625,
    0.95361328125,
    0.92822265625,
    0.8798828125,
    0.88671875,
    0.92138671875,
    0.85693359375,
    0.90576171875,
    0.91064453125,
    0.90380859375,
    0.90283203125,
    0.89501953125,
    0.931640625,
    0.92138671875,
    0.85498046875,
    0.87353515625,
    0.90283203125,
    0.896484375,
    0.9091796875,
    0.90576171875,
    0.900390625,
    0.8974609375,
    0.9208984375,
    0.86865234375,
    0.91455078125,
    0.87255859375,
    0.9091796875,
    0.91845703125,
    0.84130859375,
    0.87451171875,
    0.91796875,
    0.80859375,
    0.91943359375,
    0.9091796875,
    0.89990234375,
    0.87890625,
    0.88818359375,
    0.908203125,
    0.90576171875,
    0.92236328125,
    0.939453125,
    0.892578125
  ],
  "mean_similarity": 0.8960595703125,
  "std_similarity": 0.029297335201463656
}