{
  "similarities": [
    0.939453125,
    0.89892578125,
    0.8916015625,
    0.92236328125,
    0.8330078125
  ],
  "mean_similarity": 0.8970703125,
  "std_similarity": 0.036258491310845686
}