{
  "similarities": [
    0.92724609375,
    0.8515625,
    0.84765625,
    0.91845703125,
    0.75732421875
  ],
  "mean_similarity": 0.86044921875,
  "std_similarity": 0.06116228946888901
}