{
  "similarities": [
    0.91552734375,
    0.91650390625,
    0.86328125,
    0.93017578125,
    0.87255859375
  ],
  "mean_similarity": 0.899609375,
  "std_similarity": 0.026550290162535774
}